Año 2000;Año 2001
5,74;11,00
10,95;11,00
1,09;11,00
10,48;10,99
6,78;10,99
8,64;10,99
5,53;10,99
6,96;10,99
8,09;10,99
9,27;10,98
1,10;10,98
8,75;10,98
2,34;10,98
2,00;10,97
9,22;10,97
8,30;10,97
3,82;10,97
2,20;10,96
1,03;10,96
8,21;10,96
5,82;10,96
2,97;10,96
4,61;10,96
2,40;10,96
10,31;10,95
8,69;10,95
4,77;10,95
7,30;10,95
9,76;10,95
3,87;10,95
7,33;10,94
9,06;10,94
1,75;10,93
9,25;10,93
8,76;10,93
1,73;10,93
3,02;10,92
2,73;10,92
2,39;10,91
5,04;10,91
3,99;10,91
4,35;10,91
4,89;10,91
6,09;10,91
10,89;10,90
8,17;10,89
7,35;10,89
5,14;10,89
5,56;10,89
7,01;10,89
8,09;10,89
3,12;10,89
9,68;10,89
8,46;10,89
3,19;10,89
1,44;10,89
3,87;10,88
4,48;10,88
9,14;10,88
4,05;10,88
2,55;10,88
2,14;10,87
4,87;10,87
9,41;10,87
7,92;10,87
4,06;10,86
1,92;10,86
6,48;10,86
2,33;10,85
4,89;10,85
1,54;10,84
1,17;10,84
7,19;10,84
2,59;10,84
2,54;10,83
5,31;10,83
7,00;10,83
3,63;10,83
3,88;10,83
2,55;10,82
2,50;10,82
8,82;10,82
5,27;10,82
2,63;10,82
4,32;10,82
3,19;10,81
1,53;10,81
1,79;10,81
10,51;10,81
5,77;10,81
9,74;10,80
4,81;10,80
5,11;10,80
2,81;10,79
4,26;10,79
1,64;10,79
3,51;10,78
7,27;10,78
1,56;10,78
10,11;10,78
8,86;10,77
10,41;10,77
5,69;10,76
4,68;10,76
4,97;10,75
3,56;10,75
3,60;10,75
3,77;10,75
7,36;10,75
5,98;10,74
7,31;10,74
2,45;10,74
6,85;10,74
10,89;10,74
5,80;10,73
5,58;10,73
8,32;10,72
8,77;10,72
8,14;10,72
7,88;10,72
8,30;10,71
1,73;10,71
3,07;10,71
4,87;10,71
3,12;10,71
10,35;10,71
2,20;10,71
8,82;10,70
4,73;10,70
10,22;10,70
3,31;10,70
2,74;10,70
9,97;10,70
7,02;10,70
5,69;10,70
10,18;10,69
3,80;10,69
8,04;10,69
2,05;10,68
3,32;10,68
2,27;10,68
10,93;10,68
3,51;10,68
1,65;10,67
9,49;10,67
3,01;10,67
2,86;10,67
10,61;10,67
4,14;10,66
7,25;10,66
10,10;10,66
6,19;10,65
1,40;10,65
4,26;10,65
5,17;10,65
3,49;10,65
3,10;10,64
5,73;10,64
9,15;10,64
5,61;10,64
10,84;10,64
2,24;10,64
2,83;10,64
9,31;10,64
2,71;10,63
4,40;10,62
10,18;10,62
7,06;10,62
1,21;10,62
1,42;10,62
1,20;10,62
10,71;10,62
7,14;10,61
10,70;10,61
10,25;10,61
1,27;10,60
4,76;10,60
1,65;10,60
2,51;10,59
7,28;10,59
9,43;10,59
7,60;10,59
2,20;10,59
9,71;10,58
10,89;10,58
2,32;10,57
9,88;10,57
1,73;10,57
10,53;10,57
9,90;10,57
8,79;10,56
10,04;10,56
1,85;10,56
7,15;10,56
4,45;10,56
4,92;10,55
8,64;10,55
7,19;10,55
4,55;10,55
4,25;10,54
8,58;10,54
4,03;10,54
9,36;10,54
5,28;10,53
7,67;10,53
4,93;10,53
2,70;10,53
9,84;10,53
2,91;10,53
5,11;10,53
4,80;10,53
6,77;10,52
7,94;10,51
1,85;10,51
9,82;10,51
4,15;10,51
9,07;10,51
5,95;10,51
3,56;10,50
6,15;10,50
3,84;10,49
6,78;10,49
5,40;10,49
5,12;10,49
5,13;10,49
8,91;10,48
10,25;10,48
4,72;10,48
3,24;10,48
1,12;10,46
9,39;10,45
10,42;10,45
6,10;10,44
1,67;10,44
2,44;10,44
9,07;10,44
8,61;10,43
5,70;10,42
6,03;10,42
1,74;10,42
7,59;10,42
10,00;10,42
3,36;10,41
7,24;10,41
10,18;10,41
7,96;10,41
10,37;10,41
2,61;10,40
8,76;10,40
5,91;10,40
8,09;10,40
8,12;10,40
2,40;10,40
8,69;10,40
8,67;10,40
8,36;10,40
2,56;10,39
2,64;10,39
7,61;10,39
10,64;10,39
3,47;10,38
7,19;10,38
9,10;10,38
6,63;10,38
6,71;10,38
4,31;10,38
5,93;10,37
5,63;10,37
7,43;10,37
10,28;10,37
9,24;10,37
3,46;10,36
2,61;10,36
2,28;10,36
6,33;10,36
4,14;10,35
10,13;10,35
3,80;10,35
2,04;10,35
5,02;10,34
7,58;10,34
8,83;10,34
10,05;10,33
3,25;10,33
2,66;10,33
10,15;10,33
6,89;10,33
1,90;10,32
7,17;10,32
8,20;10,32
10,08;10,32
4,53;10,32
7,64;10,32
9,40;10,31
6,04;10,31
2,61;10,31
8,24;10,31
2,49;10,29
1,91;10,29
1,61;10,29
4,23;10,28
5,99;10,28
9,91;10,28
2,78;10,28
3,34;10,28
2,87;10,28
4,03;10,28
10,28;10,28
6,92;10,28
5,83;10,28
6,34;10,27
8,50;10,27
10,39;10,27
4,14;10,27
4,91;10,27
7,54;10,27
6,38;10,26
7,53;10,26
8,64;10,26
2,03;10,25
5,69;10,25
4,72;10,25
3,49;10,25
7,95;10,24
10,34;10,23
10,33;10,23
9,38;10,23
2,53;10,22
1,97;10,22
5,09;10,22
5,91;10,22
9,14;10,21
5,67;10,21
7,81;10,21
9,65;10,21
10,70;10,21
9,77;10,21
2,78;10,20
7,01;10,20
2,15;10,20
7,76;10,19
9,92;10,19
10,00;10,19
10,70;10,18
8,85;10,18
4,93;10,18
7,75;10,18
1,24;10,18
9,88;10,18
6,05;10,18
5,68;10,18
4,63;10,17
8,86;10,17
2,78;10,17
4,48;10,16
10,66;10,16
3,45;10,16
4,18;10,16
10,37;10,16
10,35;10,16
1,35;10,16
8,20;10,15
9,31;10,15
1,65;10,15
9,63;10,15
5,36;10,15
9,06;10,14
5,70;10,14
5,02;10,14
2,34;10,14
5,12;10,14
3,83;10,14
9,03;10,14
1,63;10,14
2,42;10,13
2,60;10,13
8,88;10,13
5,87;10,13
8,61;10,12
6,21;10,12
10,45;10,11
3,83;10,11
7,73;10,11
9,36;10,11
10,15;10,11
2,64;10,10
7,09;10,10
5,51;10,09
6,92;10,08
4,64;10,08
9,77;10,08
4,56;10,08
4,44;10,08
5,22;10,08
1,46;10,07
2,52;10,07
3,46;10,06
6,59;10,06
7,96;10,05
4,99;10,05
7,22;10,05
2,83;10,05
9,42;10,04
9,26;10,04
1,48;10,04
3,47;10,03
4,12;10,03
4,87;10,03
5,77;10,02
1,69;10,01
9,67;10,01
8,99;10,01
3,69;10,00
1,65;10,00
7,23;8,00
6,27;8,00
9,63;8,00
3,62;8,00
7,53;8,00
9,89;8,00
8,16;8,00
9,49;8,00
2,59;8,00
6,49;8,00
6,50;8,00
9,57;8,00
6,46;8,00
3,97;8,00
9,18;8,00
5,16;8,00
9,81;8,00
6,63;8,00
6,11;8,00
4,64;8,00
3,23;8,00
8,43;8,00
5,28;8,00
3,85;8,00
5,06;8,00
2,07;8,00
5,22;8,00
10,42;8,00
9,56;8,00
1,69;8,00
7,20;8,00
10,49;8,00
5,75;8,00
4,22;8,00
6,88;8,00
5,29;8,00
10,12;8,00
2,96;8,00
7,67;8,00
5,33;8,00
6,80;8,00
10,65;8,00
1,65;8,00
9,39;8,00
3,93;8,00
2,28;8,00
6,90;8,00
8,76;8,00
11,00;8,00
1,12;8,00
1,68;8,00
8,09;8,00
10,56;8,00
4,06;8,00
8,10;8,00
1,99;8,00
3,33;8,00
8,46;8,00
2,97;8,00
5,13;8,00
4,22;8,00
3,08;8,00
10,67;8,00
2,91;8,00
10,84;8,00
2,57;8,00
4,46;8,00
7,82;8,00
1,23;8,00
5,69;8,00
6,96;8,00
9,47;8,00
1,09;8,00
1,63;8,00
2,27;8,00
7,27;8,00
10,70;8,00
5,86;8,00
10,96;8,00
6,68;8,00
2,87;8,00
5,16;8,00
7,24;8,00
7,78;8,00
1,92;8,00
3,62;8,00
4,25;8,00
3,57;8,00
9,49;8,00
1,72;8,00
6,58;8,00
7,18;8,00
7,63;8,00
2,96;8,00
1,14;8,00
10,02;8,00
1,98;8,00
3,43;8,00
4,57;8,00
10,99;8,00
3,41;8,00
5,35;8,00
8,79;8,00
3,42;8,00
4,29;8,00
3,47;8,00
2,87;8,00
8,67;8,00
10,48;8,00
2,80;8,00
9,27;8,00
3,08;8,00
3,35;8,00
10,72;8,00
5,51;8,00
6,54;8,00
9,61;8,00
10,27;8,00
5,14;8,00
1,66;8,00
2,65;8,00
7,55;8,00
1,69;8,00
9,62;8,00
7,33;8,00
4,71;8,00
7,78;8,00
9,67;8,00
1,25;8,00
1,32;8,00
3,85;8,00
6,19;8,00
10,75;8,00
6,56;8,00
2,54;8,00
4,56;8,00
9,23;8,00
4,00;8,00
4,89;8,00
8,53;8,00
2,80;8,00
6,47;8,00
7,90;8,00
1,86;8,00
10,79;8,00
8,57;8,00
9,57;8,00
4,75;8,00
7,05;8,00
9,31;8,00
4,94;8,00
1,48;8,00
1,09;8,00
4,60;8,00
3,61;8,00
3,71;8,00
2,37;8,00
9,45;8,00
2,31;8,00
1,81;8,00
2,87;8,00
1,17;8,00
7,67;8,00
5,44;8,00
8,99;8,00
5,72;8,00
4,60;8,00
7,39;8,00
3,68;8,00
10,81;8,00
7,70;8,00
10,14;8,00
8,82;8,00
2,56;8,00
6,85;8,00
4,15;8,00
3,92;8,00
9,40;8,00
5,58;8,00
5,53;8,00
6,72;8,00
7,53;8,00
6,09;8,00
5,72;8,00
4,28;8,00
10,53;8,00
8,28;8,00
2,17;8,00
8,67;8,00
2,71;8,00
3,24;8,00
4,32;8,00
10,73;8,00
1,88;8,00
6,61;8,00
5,60;8,00
5,80;8,00
9,69;8,00
2,42;8,00
4,63;8,00
10,78;8,00
3,65;8,00
4,55;8,00
5,37;8,00
2,32;8,00
4,35;8,00
5,90;8,00
1,36;8,00
3,12;8,00
6,36;8,00
1,55;8,00
3,89;8,00
1,60;8,00
3,26;8,00
6,99;8,00
6,56;8,00
7,16;8,00
2,82;8,00
7,21;8,00
10,31;8,00
4,20;8,00
9,09;8,00
2,29;8,00
5,45;8,00
1,24;8,00
4,12;8,00
7,96;8,00
1,98;8,00
8,23;8,00
2,13;8,00
9,99;8,00
10,09;8,00
9,12;8,00
6,04;8,00
9,32;8,00
3,73;8,00
3,96;8,00
10,98;8,00
8,54;8,00
6,05;8,00
1,76;8,00
2,78;8,00
9,12;8,00
2,50;8,00
3,09;8,00
5,64;8,00
1,33;8,00
1,19;8,00
7,07;8,00
4,11;8,00
1,26;8,00
6,59;8,00
9,72;8,00
10,12;8,00
6,82;8,00
5,29;8,00
6,65;8,00
7,94;8,00
7,12;8,00
10,95;8,00
1,43;8,00
8,12;8,00
1,51;8,00
5,95;8,00
7,99;8,00
10,96;8,00
3,74;8,00
3,74;8,00
6,43;8,00
4,57;8,00
6,37;8,00
3,94;8,00
8,32;8,00
9,28;8,00
3,09;8,00
6,14;8,00
6,94;8,00
3,05;8,00
2,17;8,00
4,43;8,00
9,52;8,00
3,83;8,00
10,53;8,00
10,35;8,00
6,78;8,00
2,30;8,00
5,92;8,00
7,18;8,00
4,52;8,00
9,41;8,00
8,85;8,00
1,35;8,00
3,10;8,00
5,47;8,00
8,28;8,00
10,69;8,00
3,90;8,00
6,07;8,00
5,90;8,00
4,35;8,00
2,07;8,00
1,23;8,00
3,64;8,00
7,81;8,00
3,16;8,00
1,50;8,00
10,91;8,00
1,86;8,00
9,66;8,00
5,00;8,00
4,40;8,00
5,75;8,00
7,65;8,00
3,66;8,00
9,28;8,00
6,29;8,00
1,44;8,00
2,37;8,00
8,73;8,00
4,80;8,00
4,33;8,00
1,11;8,00
6,23;8,00
3,79;8,00
6,71;8,00
5,31;8,00
3,06;8,00
3,69;8,00
4,84;8,00
1,64;8,00
8,37;8,00
4,95;8,00
2,08;8,00
1,54;8,00
4,03;8,00
5,03;8,00
10,14;8,00
1,76;8,00
6,12;8,00
2,54;8,00
2,94;8,00
10,54;8,00
4,79;8,00
9,33;8,00
5,84;8,00
4,03;8,00
2,28;8,00
7,23;8,00
8,68;8,00
10,89;8,00
10,96;8,00
8,06;8,00
8,36;8,00
6,90;8,00
3,60;8,00
6,17;8,00
10,32;8,00
9,24;8,00
3,37;8,00
1,18;8,00
2,11;8,00
10,27;8,00
7,58;8,00
10,00;8,00
4,39;8,00
5,70;8,00
6,15;8,00
3,99;8,00
1,16;8,00
1,07;8,00
5,77;8,00
2,17;8,00
8,42;8,00
5,65;8,00
3,06;8,00
9,51;8,00
7,33;8,00
1,92;8,00
9,47;8,00
10,51;8,00
5,25;8,00
8,98;8,00
10,62;8,00
9,50;8,00
10,13;8,00
10,36;8,00
8,78;8,00
6,88;8,00
7,22;8,00
7,96;8,00
9,12;8,00
10,49;8,00
8,91;8,00
4,89;8,00
6,63;8,00
3,94;8,00
6,84;8,00
9,32;8,00
4,08;8,00
4,68;8,00
5,07;8,00
4,66;8,00
4,85;8,00
4,96;8,00
1,63;8,00
4,38;8,00
1,39;8,00
9,83;8,00
6,09;8,00
6,25;8,00
7,37;8,00
10,54;8,00
8,35;8,00
6,83;8,00
4,55;8,00
2,72;8,00
2,34;8,00
7,84;8,00
5,48;8,00
2,49;8,00
2,59;8,00
5,31;8,00
7,79;8,00
4,06;8,00
4,93;8,00
10,11;8,00
8,45;8,00
7,56;8,00
8,02;8,00
9,81;8,00
7,66;8,00
9,48;8,00
2,91;8,00
2,65;8,00
5,91;8,00
2,15;8,00
10,54;8,00
7,99;8,00
2,25;8,00
9,73;8,00
9,75;8,00
7,79;8,00
3,42;8,00
10,64;8,00
10,70;8,00
6,42;8,00
1,26;8,00
9,12;8,00
5,41;8,00
3,87;8,00
6,78;8,00
8,23;8,00
7,02;8,00
1,37;8,00
6,62;8,00
8,49;8,00
2,92;8,00
1,55;8,00
6,87;8,00
2,42;8,00
2,66;8,00
2,76;8,00
8,87;8,00
4,83;8,00
2,09;8,00
4,18;8,00
2,24;8,00
2,66;8,00
10,65;8,00
3,84;8,00
9,32;8,00
8,24;8,00
8,64;8,00
8,76;8,00
2,52;8,00
4,88;8,00
9,99;8,00
5,92;8,00
2,61;8,00
9,44;8,00
7,45;8,00
8,38;8,00
6,88;8,00
5,01;8,00
3,58;8,00
2,59;8,00
9,49;8,00
7,87;8,00
10,23;8,00
8,22;8,00
7,27;8,00
4,79;8,00
7,28;8,00
7,30;8,00
5,82;8,00
8,24;8,00
6,28;8,00
6,53;8,00
6,80;8,00
2,81;8,00
3,24;8,00
1,90;8,00
3,65;8,00
2,96;8,00
9,77;8,00
8,54;8,00
4,42;8,00
7,56;8,00
2,06;8,00
8,36;8,00
7,59;8,00
6,55;8,00
8,80;8,00
2,61;8,00
10,37;8,00
3,73;8,00
7,24;8,00
6,92;8,00
2,02;8,00
1,51;8,00
5,53;8,00
5,33;8,00
9,64;8,00
5,97;8,00
9,12;8,00
8,63;8,00
5,28;8,00
1,61;8,00
10,69;8,00
4,97;8,00
7,03;8,00
8,53;8,00
7,89;8,00
2,77;8,00
6,89;8,00
4,51;8,00
2,89;8,00
8,76;8,00
1,24;8,00
7,61;8,00
10,40;8,00
8,07;8,00
9,60;8,00
6,13;8,00
9,74;8,00
5,34;8,00
6,38;8,00
10,65;8,00
8,02;8,00
2,41;8,00
9,89;8,00
4,45;8,00
2,54;8,00
3,23;8,00
2,45;8,00
4,37;8,00
1,20;8,00
8,66;8,00
8,99;8,00
10,92;8,00
1,44;8,00
1,71;8,00
7,75;8,00
9,46;8,00
7,82;8,00
10,77;8,00
2,56;8,00
3,20;8,00
6,65;8,00
7,46;8,00
9,73;8,00
3,32;8,00
6,58;8,00
3,69;8,00
6,26;8,00
4,73;8,00
8,49;8,00
8,11;8,00
4,60;8,00
5,28;8,00
5,29;8,00
9,09;8,00
5,80;8,00
1,36;8,00
2,49;8,00
6,66;8,00
5,73;8,00
1,00;8,00
7,28;8,00
5,36;8,00
9,78;8,00
3,73;8,00
7,64;8,00
2,53;8,00
1,16;8,00
9,15;8,00
1,26;8,00
6,29;8,00
10,38;8,00
6,37;8,00
6,91;8,00
5,63;8,00
2,19;8,00
8,54;8,00
3,91;8,00
10,46;8,00
7,37;8,00
10,71;8,00
3,01;8,00
5,37;8,00
1,44;8,00
3,28;8,00
1,59;8,00
7,85;8,00
8,79;8,00
5,21;8,00
9,39;8,00
6,95;8,00
2,63;8,00
7,22;8,00
4,39;8,00
7,09;8,00
3,81;8,00
7,21;8,00
5,80;8,00
5,96;8,00
8,20;8,00
8,12;8,00
4,00;8,00
3,87;8,00
2,01;8,00
7,55;8,00
10,71;8,00
6,80;8,00
7,42;8,00
6,15;8,00
1,46;8,00
4,71;8,00
9,62;8,00
1,48;8,00
6,67;8,00
10,42;8,00
9,98;8,00
1,49;8,00
4,75;8,00
1,14;8,00
1,01;8,00
3,24;8,00
5,76;8,00
2,60;8,00
6,44;8,00
5,89;8,00
8,25;8,00
3,79;8,00
4,37;8,00
8,36;8,00
2,62;8,00
3,00;8,00
2,89;8,00
10,03;8,00
8,53;8,00
3,47;8,00
9,25;8,00
6,41;8,00
7,03;8,00
2,36;8,00
1,32;8,00
3,49;8,00
2,51;8,00
3,02;8,00
5,31;8,00
4,91;8,00
7,00;8,00
2,57;8,00
9,10;8,00
3,81;8,00
6,63;8,00
8,35;8,00
2,02;8,00
4,50;8,00
7,39;8,00
10,34;8,00
3,34;8,00
3,19;8,00
4,31;8,00
6,50;8,00
5,97;8,00
7,21;8,00
10,00;8,00
3,20;8,00
9,05;8,00
7,25;8,00
9,44;8,00
1,82;8,00
3,20;8,00
4,77;8,00
6,62;8,00
6,36;8,00
7,17;8,00
2,93;8,00
7,46;8,00
3,19;8,00
4,23;8,00
2,84;8,00
8,93;8,00
6,76;8,00
2,53;8,00
2,30;8,00
9,18;8,00
4,32;8,00
4,15;8,00
10,91;8,00
10,14;8,00
3,31;8,00
6,67;8,00
4,93;8,00
5,96;8,00
4,97;8,00
9,41;8,00
5,75;8,00
4,94;8,00
10,50;8,00
4,14;8,00
10,03;8,00
5,70;8,00
6,36;8,00
1,37;8,00
5,70;8,00
6,37;8,00
9,22;8,00
6,80;8,00
9,71;8,00
8,24;8,00
9,85;8,00
5,11;8,00
8,17;8,00
8,98;8,00
6,42;8,00
4,85;8,00
5,87;8,00
7,15;8,00
10,71;8,00
4,64;8,00
6,20;8,00
2,75;8,00
4,90;8,00
3,34;8,00
8,58;8,00
9,97;8,00
8,70;8,00
8,28;8,00
5,92;8,00
5,64;8,00
8,75;8,00
10,93;8,00
10,59;8,00
2,53;8,00
9,34;8,00
10,36;8,00
6,48;8,00
1,32;8,00
2,84;8,00
3,67;8,00
8,86;8,00
3,48;8,00
6,12;8,00
6,70;8,00
4,70;8,00
3,78;8,00
7,54;8,00
6,88;8,00
6,21;8,00
8,31;8,00
2,73;8,00
8,87;8,00
4,18;8,00
1,44;8,00
10,89;8,00
3,76;8,00
8,34;8,00
3,67;8,00
5,81;8,00
9,99;8,00
3,96;8,00
10,27;8,00
8,10;8,00
4,83;8,00
2,37;8,00
5,31;8,00
8,99;8,00
2,62;8,00
5,28;8,00
3,24;8,00
7,69;8,00
7,87;8,00
10,08;8,00
8,83;8,00
7,16;8,00
8,50;8,00
5,66;8,00
3,09;8,00
10,29;8,00
6,05;8,00
3,15;8,00
10,51;8,00
9,36;8,00
7,13;8,00
8,18;8,00
6,26;8,00
9,25;8,00
10,83;8,00
2,59;7,99
7,37;7,99
6,91;7,99
4,12;7,98
9,35;7,98
2,44;7,98
3,54;7,98
4,55;7,97
2,14;7,97
7,22;7,97
8,58;7,97
2,01;7,97
6,75;7,96
1,74;7,96
4,70;7,96
4,54;7,96
1,84;7,96
9,01;7,96
6,05;7,95
4,31;7,95
1,59;7,94
10,39;7,94
3,51;7,94
10,55;7,94
3,69;7,94
3,88;7,94
6,99;7,93
5,29;7,93
7,47;7,93
8,12;7,92
4,55;7,92
8,58;7,92
4,53;7,92
4,44;7,91
6,25;7,91
9,24;7,91
7,91;7,91
2,69;7,90
9,25;7,90
2,64;7,90
4,62;7,90
3,07;7,90
2,53;7,89
7,41;7,89
4,42;7,89
1,34;7,88
3,09;7,88
6,03;7,87
8,17;7,87
1,69;7,87
5,59;7,87
8,71;7,87
8,39;7,87
3,52;7,86
6,28;7,86
8,48;7,86
9,31;7,86
9,42;7,86
11,00;7,85
8,76;7,85
3,68;7,84
6,85;7,84
7,75;7,84
9,10;7,84
3,84;7,83
10,26;7,83
7,91;7,82
1,37;7,82
10,67;7,82
7,29;7,82
4,53;7,81
5,27;7,81
7,39;7,81
8,06;7,81
5,73;7,81
4,88;7,81
6,55;7,80
10,23;7,80
8,45;7,79
6,05;7,79
8,00;7,79
4,67;7,78
3,39;7,78
4,34;7,78
7,55;7,78
8,37;7,77
7,27;7,77
9,47;7,77
8,78;7,77
3,79;7,76
7,47;7,76
9,52;7,76
5,18;7,76
6,87;7,76
7,81;7,76
4,86;7,76
6,24;7,75
9,91;7,75
10,78;7,75
1,83;7,75
2,73;7,74
1,47;7,73
8,58;7,73
8,48;7,73
2,84;7,73
4,31;7,73
7,96;7,72
3,34;7,72
8,59;7,71
10,65;7,71
10,16;7,70
6,00;7,70
6,91;7,70
7,37;7,70
6,38;7,70
5,08;7,70
9,87;7,69
10,28;7,69
8,82;7,69
9,79;7,68
4,25;7,68
9,86;7,68
1,48;7,67
4,67;7,67
4,35;7,67
2,59;7,67
5,29;7,67
7,59;7,67
1,71;7,66
2,97;7,66
10,67;7,66
5,18;7,65
2,54;7,64
4,64;7,64
6,57;7,63
6,71;7,63
1,39;7,63
10,75;7,63
6,10;7,63
7,81;7,63
6,55;7,62
6,19;7,61
2,50;7,61
1,03;7,61
10,55;7,61
2,93;7,61
9,05;7,61
3,04;7,60
5,66;7,60
1,67;7,60
3,90;7,59
3,43;7,59
7,26;7,59
2,49;7,59
9,48;7,58
1,47;7,58
3,47;7,58
7,87;7,58
6,31;7,58
6,00;7,58
1,55;7,57
1,49;7,57
8,54;7,57
6,93;7,56
7,32;7,56
9,49;7,56
6,19;7,56
5,10;7,55
10,18;7,55
8,41;7,55
9,49;7,55
5,53;7,55
1,38;7,55
5,95;7,55
3,26;7,54
8,35;7,54
9,58;7,54
4,72;7,53
3,32;7,53
9,62;7,53
3,29;7,53
1,50;7,53
2,64;7,52
10,97;7,51
2,92;7,51
1,79;7,51
5,27;7,50
6,90;7,50
6,52;7,50
1,74;7,50
2,66;7,50
10,26;7,50
8,12;7,49
6,90;7,49
3,98;7,49
1,48;7,49
10,28;7,49
5,74;7,48
2,53;7,47
9,42;7,47
7,82;7,47
4,28;7,47
10,96;7,47
9,16;7,47
8,57;7,47
1,52;7,46
10,26;7,46
1,75;7,45
4,58;7,44
5,21;7,44
6,72;7,43
2,23;7,43
5,32;7,43
1,63;7,43
5,12;7,43
4,00;7,42
2,75;7,42
1,18;7,41
1,91;7,41
2,78;7,39
1,12;7,39
1,62;7,39
7,43;7,39
10,88;7,39
3,90;7,38
8,24;7,38
5,47;7,38
1,32;7,38
2,28;7,37
1,62;7,37
7,02;7,37
7,39;7,37
10,87;7,37
6,17;7,37
2,53;7,37
7,26;7,36
4,87;7,36
7,76;7,36
6,62;7,35
9,82;7,35
3,38;7,35
2,02;7,35
7,77;7,35
8,19;7,34
10,53;7,34
6,65;7,33
7,72;7,33
4,71;7,33
1,16;7,33
2,43;7,33
10,29;7,32
10,56;7,32
1,53;7,32
7,29;7,32
5,06;7,32
10,70;7,31
5,67;7,31
10,74;7,31
1,66;7,31
4,10;7,31
7,11;7,30
6,52;7,30
5,82;7,29
7,00;7,29
6,36;7,29
7,14;7,29
9,21;7,29
10,15;7,28
6,89;7,28
7,86;7,28
4,92;7,28
6,85;7,28
10,85;7,28
5,50;7,27
10,33;7,27
5,38;7,27
5,49;7,27
2,55;7,27
6,87;7,27
3,85;7,27
3,95;7,27
3,58;7,27
2,16;7,26
2,96;7,26
9,36;7,26
6,53;7,26
2,70;7,26
4,64;7,26
2,47;7,25
7,19;7,25
4,02;7,25
10,17;7,25
5,57;7,25
10,16;7,25
5,01;7,24
2,91;7,24
6,91;7,24
8,98;7,24
7,29;7,23
5,46;7,23
9,45;7,23
2,61;7,23
8,02;7,22
1,11;7,22
1,74;7,22
4,06;7,22
3,46;7,22
1,58;7,22
3,04;7,22
10,21;7,22
2,93;7,21
3,20;7,21
4,82;7,21
10,40;7,21
4,36;7,21
5,70;7,20
8,73;7,20
10,53;7,20
3,98;7,20
8,83;7,19
5,20;7,19
6,29;7,19
8,46;7,19
10,89;7,19
6,82;7,19
3,97;7,19
1,74;7,19
1,98;7,18
5,96;7,18
1,53;7,18
9,40;7,18
7,89;7,18
2,31;7,18
1,87;7,17
10,64;7,17
6,89;7,17
3,61;7,16
10,22;7,16
4,01;7,16
4,24;7,16
9,96;7,15
9,06;7,15
1,28;7,15
8,49;7,15
7,47;7,14
3,92;7,14
10,91;7,14
10,48;7,13
8,96;7,13
4,42;7,13
7,78;7,12
8,70;7,12
5,06;7,11
2,88;7,11
5,86;7,11
4,04;7,11
1,09;7,11
2,21;7,10
2,94;7,10
7,20;7,09
6,99;7,09
3,44;7,09
3,50;7,09
4,31;7,09
7,09;7,08
4,04;7,08
4,61;7,07
4,48;7,07
7,31;7,06
7,00;7,06
7,22;7,06
10,79;7,06
8,00;7,06
1,88;7,06
6,52;7,05
5,75;7,05
2,76;7,05
4,10;7,05
6,88;7,04
3,89;7,03
4,14;7,03
2,59;7,03
10,99;7,02
6,44;7,02
9,92;7,02
2,35;7,02
7,76;7,02
5,51;7,02
4,98;7,01
3,16;7,01
1,30;7,01
4,36;7,01
1,58;7,01
2,23;7,00
1,35;7,00
3,48;7,00
7,50;7,00
9,96;7,00
2,27;6,99
10,41;6,99
1,82;6,99
7,71;6,99
9,43;6,99
10,04;6,99
3,10;6,97
7,73;6,97
9,18;6,97
5,64;6,97
2,54;6,97
3,94;6,97
9,85;6,96
10,89;6,96
2,76;6,96
4,12;6,96
1,70;6,96
4,84;6,95
6,84;6,95
9,40;6,95
1,37;6,95
5,15;6,95
3,57;6,94
7,06;6,94
10,87;6,94
7,21;6,94
3,83;6,93
10,74;6,93
9,82;6,93
1,53;6,92
9,28;6,92
9,28;6,92
7,11;6,92
7,26;6,92
8,67;6,92
2,08;6,92
8,20;6,92
6,55;6,91
9,56;6,91
9,21;6,91
8,75;6,91
7,53;6,90
2,08;6,90
7,35;6,90
1,87;6,90
5,99;6,90
9,99;6,90
8,68;6,90
6,93;6,90
4,67;6,89
3,62;6,89
6,01;6,89
9,78;6,89
1,00;6,89
7,93;6,89
6,21;6,88
10,66;6,88
7,96;6,88
2,99;6,88
2,55;6,88
8,31;6,88
4,27;6,87
4,98;6,87
1,61;6,87
3,30;6,87
9,74;6,87
4,74;6,87
6,74;6,86
10,36;6,85
3,20;6,85
7,90;6,85
7,04;6,85
2,37;6,85
9,33;6,85
1,72;6,85
9,40;6,84
3,09;6,84
8,37;6,83
5,34;6,83
5,56;6,82
7,23;6,82
10,16;6,82
10,72;6,82
2,47;6,82
1,53;6,81
5,43;6,81
5,33;6,81
4,45;6,81
9,80;6,80
5,32;6,80
6,58;6,80
1,25;6,80
1,11;6,80
4,02;6,79
8,32;6,79
2,26;6,78
6,90;6,78
5,48;6,78
7,77;6,78
1,95;6,78
4,89;6,78
5,41;6,78
3,94;6,78
7,98;6,77
2,44;6,77
3,62;6,77
1,98;6,77
8,34;6,77
8,83;6,76
3,84;6,76
4,09;6,76
8,88;6,76
8,16;6,75
6,73;6,75
10,86;6,75
6,31;6,75
7,29;6,74
10,71;6,73
7,38;6,73
4,48;6,73
3,49;6,72
9,67;6,72
8,65;6,72
2,90;6,72
2,38;6,71
9,68;6,71
9,73;6,71
1,85;6,70
2,24;6,70
9,75;6,69
7,94;6,69
6,80;6,69
4,07;6,69
1,77;6,68
10,64;6,68
2,51;6,68
5,90;6,68
3,37;6,67
4,38;6,67
1,43;6,67
2,08;6,67
4,65;6,66
9,98;6,66
2,46;6,66
6,40;6,65
9,56;6,65
5,97;6,65
6,09;6,65
5,01;6,65
9,25;6,65
6,26;6,64
3,44;6,63
6,11;6,63
9,82;6,63
4,04;6,63
1,46;6,63
3,42;6,63
9,53;6,62
6,47;6,62
1,07;6,62
9,34;6,62
7,84;6,62
5,45;6,62
8,36;6,61
5,54;6,61
8,54;6,61
9,92;6,61
5,32;6,61
2,80;6,60
10,34;6,60
6,30;6,60
8,32;6,59
7,02;6,59
3,08;6,59
9,14;6,59
7,35;6,59
9,92;6,58
9,84;6,58
2,14;6,58
1,89;6,58
7,97;6,58
4,02;6,58
4,59;6,57
9,97;6,57
7,97;6,57
2,95;6,57
10,14;6,56
9,94;6,56
3,01;6,56
9,34;6,56
7,58;6,55
7,51;6,55
3,38;6,55
1,69;6,55
7,50;6,55
1,18;6,55
10,36;6,55
3,40;6,54
6,15;6,54
7,41;6,54
7,94;6,54
9,25;6,53
5,66;6,53
1,12;6,53
9,98;6,53
4,22;6,52
5,17;6,52
1,80;6,52
8,84;6,52
3,13;6,52
4,55;6,52
6,46;6,52
6,92;6,51
9,52;6,51
8,46;6,50
3,67;6,50
7,10;6,50
2,02;6,50
5,82;6,50
1,23;6,50
4,24;6,49
7,76;6,49
3,96;6,49
8,65;6,49
7,09;6,49
10,08;6,48
3,30;6,48
3,52;6,48
1,01;6,47
9,84;6,47
1,87;6,47
1,89;6,47
4,93;6,47
1,13;6,47
6,20;6,46
5,30;6,46
9,62;6,46
4,55;6,45
8,95;6,45
4,54;6,44
10,99;6,44
9,66;6,44
2,85;6,44
1,76;6,44
4,55;6,43
5,58;6,43
5,77;6,43
6,41;6,42
10,82;6,42
2,61;6,42
2,01;6,42
5,52;6,42
10,69;6,41
9,92;6,41
9,38;6,41
2,58;6,41
4,49;6,41
8,83;6,40
6,81;6,40
7,90;6,39
5,69;6,38
9,29;6,38
4,67;6,38
2,11;6,38
6,28;6,38
3,31;6,37
7,70;6,37
10,22;6,37
7,62;6,37
7,89;6,36
1,16;6,36
6,95;6,36
3,57;6,36
5,98;6,36
2,63;6,35
5,36;6,34
4,30;6,34
2,12;6,33
8,38;6,33
9,97;6,32
9,55;6,31
3,88;6,31
5,90;6,31
3,74;6,31
8,18;6,30
2,61;6,30
6,43;6,30
10,93;6,29
2,04;6,29
10,32;6,29
7,50;6,29
8,53;6,29
5,18;6,29
10,72;6,29
9,43;6,28
3,16;6,28
8,96;6,28
4,48;6,28
10,80;6,28
1,56;6,27
10,21;6,27
2,89;6,27
8,91;6,26
7,55;6,26
5,23;6,26
3,16;6,25
1,49;6,25
2,89;6,24
4,36;6,24
8,64;6,24
4,50;6,23
10,19;6,23
2,91;6,23
7,50;6,22
6,32;6,22
1,09;6,21
6,47;6,21
9,31;6,21
1,51;6,21
2,31;6,20
6,29;6,20
5,57;6,20
10,40;6,20
8,34;6,20
2,20;6,20
9,98;6,20
10,96;6,19
4,80;6,19
3,97;6,19
6,44;6,19
1,84;6,19
5,87;6,19
9,17;6,18
3,15;6,18
9,51;6,18
5,87;6,17
9,41;6,17
4,35;6,17
6,97;6,17
6,97;6,15
3,81;6,15
10,83;6,15
5,62;6,15
8,02;6,15
4,03;6,14
5,85;6,14
5,69;6,14
4,26;6,14
8,54;6,14
10,32;6,14
5,58;6,13
6,62;6,13
5,45;6,13
7,76;6,12
9,48;6,12
6,02;6,12
6,92;6,12
4,43;6,12
7,76;6,12
2,67;6,11
7,15;6,11
8,82;6,11
9,40;6,11
10,89;6,11
8,46;6,11
8,32;6,10
4,44;6,10
1,81;6,10
3,58;6,09
10,74;6,09
1,68;6,09
10,23;6,09
4,36;6,08
9,33;6,08
1,48;6,08
7,38;6,07
5,24;6,07
5,71;6,06
3,36;6,06
6,47;6,05
7,22;6,05
10,18;6,05
9,49;6,05
10,21;6,05
10,68;6,05
8,42;6,05
7,14;6,05
9,10;6,05
4,09;6,04
9,78;6,04
7,57;6,04
8,73;6,03
4,00;6,03
1,25;6,03
6,31;6,03
10,27;6,03
8,37;6,02
4,65;6,02
10,99;6,02
8,48;6,02
3,43;6,01
5,26;6,00
2,60;6,00
4,75;6,00
5,34;6,00
2,44;5,99
10,37;5,99
8,16;5,98
7,27;5,98
4,56;5,98
1,98;5,98
6,19;5,98
4,52;5,97
4,12;5,97
8,20;5,97
10,96;5,97
9,00;5,97
10,33;5,97
3,74;5,96
5,44;5,96
5,24;5,96
3,23;5,96
5,33;5,96
7,24;5,95
1,31;5,95
4,98;5,95
6,51;5,95
10,58;5,95
5,51;5,95
7,74;5,95
1,89;5,94
6,05;5,93
4,53;5,93
3,34;5,93
2,65;5,92
5,02;5,92
7,01;5,92
3,25;5,91
4,69;5,91
6,11;5,91
6,85;5,90
6,99;5,90
9,22;5,90
1,99;5,90
9,49;5,89
5,94;5,88
2,71;5,88
5,61;5,87
5,43;5,87
4,88;5,87
8,14;5,87
1,25;5,87
10,51;5,87
9,43;5,87
3,91;5,86
1,84;5,86
6,69;5,85
10,31;5,85
5,14;5,85
6,18;5,84
4,23;5,84
7,76;5,83
6,17;5,83
10,07;5,82
10,89;5,82
4,45;5,82
3,15;5,82
6,97;5,82
4,78;5,82
5,42;5,82
1,14;5,81
7,59;5,80
6,78;5,80
9,19;5,80
6,29;5,80
2,60;5,79
10,05;5,78
8,42;5,77
7,47;5,77
8,91;5,77
5,01;5,77
10,32;5,77
6,61;5,77
5,93;5,77
1,92;5,77
1,43;5,76
7,05;5,76
4,87;5,75
6,55;5,75
8,62;5,75
4,72;5,75
7,82;5,75
2,96;5,74
4,82;5,74
8,26;5,74
4,57;5,74
10,06;5,73
1,44;5,73
1,14;5,73
4,77;5,73
8,87;5,72
9,47;5,72
8,48;5,72
3,65;5,72
3,41;5,72
9,30;5,71
4,51;5,71
9,63;5,70
7,05;5,70
7,23;5,70
3,48;5,70
10,21;5,70
10,51;5,70
1,55;5,70
1,23;5,70
3,03;5,70
6,03;5,69
5,57;5,69
5,39;5,69
4,55;5,69
10,89;5,69
4,52;5,69
2,35;5,68
7,47;5,68
4,78;5,68
9,03;5,68
2,46;5,68
3,38;5,68
6,94;5,67
8,29;5,67
9,06;5,67
3,04;5,66
5,95;5,66
7,19;5,66
9,10;5,66
8,37;5,66
1,26;5,65
8,09;5,65
10,41;5,65
10,80;5,65
5,62;5,65
6,49;5,64
8,69;5,64
6,60;5,64
7,47;5,64
3,63;5,64
9,58;5,64
1,53;5,63
9,74;5,63
2,27;5,63
9,32;5,63
8,28;5,62
5,85;5,62
1,55;5,62
10,21;5,61
2,99;5,61
2,57;5,61
4,79;5,61
2,17;5,61
1,73;5,61
10,51;5,60
10,17;5,60
3,27;5,60
4,04;5,59
10,71;5,59
6,77;5,58
10,96;5,58
7,61;5,58
2,60;5,58
1,48;5,58
9,63;5,58
3,21;5,58
9,73;5,57
7,37;5,57
2,68;5,57
3,40;5,57
9,29;5,56
8,46;5,56
10,44;5,56
6,97;5,56
6,13;5,55
1,76;5,55
6,11;5,54
5,65;5,54
10,57;5,54
1,90;5,54
1,70;5,53
10,56;5,53
7,86;5,53
3,02;5,53
3,96;5,53
4,37;5,52
5,52;5,52
3,43;5,52
10,89;5,52
10,60;5,52
2,52;5,51
1,52;5,51
8,70;5,51
4,53;5,51
9,82;5,51
9,27;5,51
2,06;5,51
5,52;5,51
1,08;5,50
6,63;5,50
8,69;5,50
8,85;5,49
10,62;5,49
1,88;5,49
1,34;5,49
4,71;5,49
3,68;5,49
8,97;5,48
7,66;5,48
9,98;5,48
6,30;5,47
3,34;5,47
9,93;5,46
1,65;5,46
3,35;5,46
8,30;5,45
10,95;5,45
1,26;5,45
1,95;5,45
7,02;5,45
5,16;5,45
1,63;5,45
1,62;5,44
6,96;5,44
9,27;5,44
4,08;5,44
3,31;5,43
7,98;5,43
5,79;5,43
3,94;5,43
1,43;5,42
8,85;5,42
4,35;5,41
5,02;5,41
2,80;5,41
7,27;5,41
5,87;5,41
2,11;5,40
9,60;5,40
10,28;5,39
8,50;5,39
8,85;5,38
9,47;5,38
7,85;5,38
9,24;5,37
9,92;5,37
3,57;5,36
6,68;5,36
3,02;5,36
6,65;5,36
2,74;5,35
1,80;5,35
6,88;5,35
8,05;5,34
7,86;5,34
4,84;5,34
2,84;5,33
3,09;5,33
5,04;5,33
10,38;5,33
1,89;5,33
2,49;5,32
10,86;5,32
10,14;5,32
3,60;5,32
6,19;5,32
2,60;5,31
3,57;5,31
10,16;5,31
3,28;5,31
4,64;5,31
3,01;5,30
1,62;5,29
7,31;5,29
4,00;5,29
5,45;5,29
2,62;5,29
1,85;5,28
1,25;5,28
2,03;5,28
6,12;5,28
9,51;5,28
7,20;5,28
7,77;5,28
7,17;5,27
10,49;5,27
7,08;5,27
10,57;5,27
9,03;5,27
6,63;5,26
6,79;5,26
9,59;5,25
6,69;5,25
2,07;5,25
5,13;5,25
8,44;5,25
10,00;5,25
10,04;5,24
9,72;5,24
1,03;5,24
5,35;5,24
7,79;5,23
6,93;5,23
10,63;5,22
4,43;5,22
7,43;5,22
1,82;5,21
1,74;5,21
4,19;5,21
9,20;5,21
3,82;5,21
10,28;5,21
3,08;5,20
1,13;5,20
10,82;5,20
5,82;5,20
6,87;5,20
10,62;5,18
8,67;5,18
6,47;5,18
3,17;5,18
4,95;5,17
10,82;5,17
6,76;5,16
7,68;5,16
2,25;5,16
9,20;5,16
8,43;5,16
4,47;5,15
7,47;5,15
6,81;5,15
8,92;5,14
3,87;5,14
1,25;5,14
6,05;5,14
7,07;5,14
9,89;5,14
1,44;5,14
8,22;5,13
2,89;5,13
8,04;5,13
6,82;5,13
9,52;5,13
2,42;5,12
10,64;5,12
5,43;5,12
7,86;5,11
6,29;5,11
6,89;5,11
5,46;5,11
4,48;5,10
7,52;5,10
3,50;5,10
5,40;5,09
4,73;5,08
2,99;5,08
3,12;5,07
3,89;5,07
1,46;5,06
9,25;5,06
1,25;5,06
3,99;5,06
4,73;5,06
2,56;5,05
4,04;5,05
9,03;5,05
7,31;5,04
5,68;5,04
3,45;5,04
5,95;5,04
6,61;5,04
8,97;5,04
3,62;5,03
5,62;5,03
6,38;5,03
2,79;5,03
8,44;5,03
6,50;5,02
3,14;5,02
2,22;5,02
7,11;5,02
1,68;5,02
6,76;5,01
8,07;5,01
1,89;5,01
10,87;5,01
8,08;5,01
6,77;5,00
9,13;5,00
1,22;5,00
3,43;4,99
1,83;4,99
2,37;4,98
1,63;4,98
7,56;4,98
6,02;4,98
7,78;4,98
7,63;4,97
6,87;4,97
3,04;4,97
8,46;4,97
4,70;4,96
2,31;4,96
9,77;4,95
10,14;4,95
8,30;4,94
5,20;4,94
2,75;4,94
2,96;4,94
2,70;4,94
5,87;4,93
4,76;4,93
1,95;4,93
3,29;4,93
8,08;4,93
8,75;4,93
6,96;4,93
2,58;4,92
8,87;4,92
9,03;4,92
10,50;4,91
1,39;4,91
4,24;4,90
3,57;4,90
1,78;4,89
8,52;4,89
7,12;4,89
5,05;4,89
6,60;4,89
6,53;4,89
1,91;4,88
4,36;4,88
9,81;4,88
9,22;4,88
8,11;4,88
6,82;4,87
9,54;4,87
1,07;4,87
1,90;4,87
9,81;4,87
8,22;4,87
3,15;4,86
4,73;4,86
2,32;4,86
10,59;4,86
8,76;4,86
10,86;4,85
1,71;4,85
2,90;4,85
4,98;4,85
1,70;4,85
9,38;4,84
2,09;4,84
1,28;4,84
8,77;4,84
7,94;4,84
4,35;4,84
4,75;4,83
5,45;4,83
2,25;4,83
2,19;4,83
3,40;4,83
2,69;4,82
7,80;4,82
2,51;4,82
8,10;4,81
2,75;4,81
6,10;4,80
1,62;4,80
6,14;4,80
10,90;4,80
8,63;4,79
6,33;4,79
5,44;4,79
9,12;4,79
10,39;4,79
10,82;4,78
5,06;4,78
10,83;4,78
5,05;4,77
7,49;4,77
3,69;4,77
3,48;4,77
1,38;4,77
7,51;4,76
7,13;4,76
1,57;4,76
5,54;4,75
10,75;4,75
6,99;4,75
9,61;4,75
7,70;4,75
6,65;4,75
9,31;4,74
8,75;4,74
2,14;4,74
2,39;4,73
3,57;4,73
8,92;4,73
6,79;4,73
1,36;4,73
3,19;4,73
10,60;4,73
9,14;4,72
6,95;4,72
7,27;4,72
6,90;4,72
1,23;4,72
3,80;4,71
8,93;4,71
1,72;4,71
6,02;4,71
7,83;4,71
1,30;4,71
5,41;4,71
7,34;4,70
3,00;4,70
9,95;4,70
7,54;4,70
5,18;4,70
1,83;4,70
10,52;4,70
9,69;4,70
10,54;4,69
4,02;4,68
6,89;4,68
5,21;4,68
4,71;4,68
10,32;4,67
2,48;4,67
2,03;4,67
6,48;4,67
2,13;4,67
5,15;4,67
8,44;4,67
6,40;4,66
10,41;4,66
9,20;4,65
10,68;4,65
2,20;4,65
2,28;4,64
8,40;4,64
3,27;4,64
10,79;4,64
1,57;4,64
2,23;4,64
2,09;4,64
7,25;4,64
10,81;4,64
6,08;4,63
7,66;4,63
5,98;4,63
6,44;4,63
2,70;4,63
6,52;4,62
8,58;4,62
9,56;4,62
7,63;4,61
6,12;4,61
3,64;4,61
7,31;4,61
4,62;4,60
7,70;4,60
1,30;4,60
9,09;4,60
9,36;4,59
2,71;4,58
10,82;4,58
9,89;4,58
8,88;4,57
6,68;4,57
5,64;4,57
2,67;4,57
2,10;4,57
5,88;4,57
4,56;4,56
6,54;4,56
2,40;4,56
10,21;4,56
8,29;4,56
9,89;4,56
4,93;4,55
1,13;4,55
1,65;4,55
8,44;4,55
3,30;4,55
9,69;4,55
9,30;4,55
2,53;4,55
2,12;4,55
2,66;4,55
3,77;4,55
10,59;4,54
6,65;4,54
5,77;4,54
4,03;4,54
10,41;4,53
8,91;4,53
9,30;4,53
8,69;4,53
10,42;4,53
2,16;4,52
5,97;4,52
5,06;4,52
10,57;4,52
5,45;4,52
6,28;4,51
8,73;4,51
1,90;4,51
8,56;4,51
4,67;4,50
10,53;4,50
1,44;4,50
8,23;4,50
7,43;4,49
1,10;4,48
7,11;4,48
6,86;4,48
9,39;4,48
9,11;4,48
9,03;4,48
3,36;4,48
10,13;4,47
4,04;4,47
1,17;4,47
5,68;4,46
8,73;4,46
10,55;4,46
9,49;4,45
3,59;4,45
4,56;4,45
8,07;4,45
4,15;4,44
6,22;4,44
9,37;4,44
3,32;4,44
4,24;4,44
3,30;4,44
6,52;4,43
5,75;4,43
10,81;4,43
6,94;4,43
10,98;4,42
10,11;4,42
4,26;4,42
10,94;4,42
7,08;4,40
8,43;4,40
6,05;4,40
5,21;4,39
8,65;4,39
10,49;4,39
7,50;4,39
9,40;4,38
6,14;4,38
3,76;4,38
2,33;4,37
6,52;4,37
10,01;4,37
3,03;4,36
9,20;4,36
6,47;4,36
4,47;4,36
7,42;4,36
7,32;4,36
10,67;4,35
8,53;4,35
5,38;4,35
1,64;4,35
8,14;4,35
9,07;4,35
7,60;4,35
2,25;4,35
5,96;4,35
1,06;4,34
5,72;4,34
4,23;4,33
4,96;4,32
10,84;4,32
10,91;4,32
9,51;4,32
8,60;4,32
2,16;4,32
2,64;4,32
7,53;4,31
3,02;4,31
3,09;4,31
1,61;4,31
3,71;4,31
10,82;4,30
1,85;4,30
8,36;4,30
8,02;4,29
9,33;4,29
4,43;4,29
3,13;4,29
8,27;4,28
1,04;4,28
10,16;4,28
1,40;4,28
8,00;4,28
5,03;4,28
6,60;4,27
1,49;4,26
3,44;4,26
1,10;4,26
7,06;4,26
2,13;4,26
7,05;4,26
10,94;4,26
1,46;4,25
2,74;4,25
4,70;4,25
4,07;4,24
9,07;4,24
5,67;4,24
1,71;4,24
9,82;4,24
6,21;4,23
7,06;4,23
10,31;4,23
5,08;4,23
4,32;4,22
5,32;4,22
2,77;4,22
7,95;4,20
2,44;4,19
10,20;4,19
1,93;4,18
2,08;4,18
6,72;4,18
8,22;4,18
4,75;4,18
2,32;4,17
2,05;4,17
1,33;4,15
5,70;4,15
4,87;4,15
8,09;4,15
1,79;4,15
5,68;4,15
5,56;4,15
5,63;4,14
5,15;4,14
8,92;4,14
9,88;4,14
5,03;4,14
9,33;4,13
5,14;4,12
8,63;4,12
1,95;4,12
5,74;4,12
10,05;4,12
6,43;4,12
4,06;4,12
7,16;4,12
10,19;4,11
2,44;4,11
8,60;4,11
3,04;4,10
2,14;4,10
3,90;4,10
8,03;4,09
7,35;4,09
2,10;4,09
7,48;4,09
6,67;4,09
8,96;4,08
8,28;4,08
3,22;4,08
5,82;4,07
3,02;4,07
1,58;4,07
2,13;4,06
2,49;4,06
1,00;4,06
2,86;4,06
2,35;4,06
1,63;4,06
1,61;4,05
7,57;4,05
4,46;4,05
10,76;4,04
8,79;4,04
2,51;4,04
6,57;4,04
4,12;4,04
10,19;4,04
2,60;4,03
9,47;4,03
9,28;4,03
6,13;4,03
4,61;4,03
4,44;4,03
7,70;4,03
3,36;4,03
1,07;4,02
10,92;4,02
1,64;4,02
1,02;4,02
1,03;4,01
10,83;4,01
5,55;4,00
9,12;4,00
5,64;4,00
10,43;4,00
4,06;4,00
10,61;3,99
6,61;3,99
6,64;3,99
2,08;3,98
1,16;3,98
3,70;3,97
6,72;3,97
3,14;3,97
8,55;3,97
3,47;3,96
3,49;3,96
9,76;3,96
4,29;3,96
1,43;3,95
9,20;3,95
9,87;3,95
9,28;3,94
9,33;3,94
8,30;3,94
5,88;3,94
3,07;3,94
8,34;3,94
8,57;3,93
5,35;3,93
6,49;3,92
3,11;3,92
5,00;3,92
8,51;3,92
5,50;3,92
2,23;3,91
4,48;3,91
1,12;3,90
8,94;3,90
1,90;3,90
10,44;3,90
9,25;3,90
3,10;3,90
6,41;3,90
4,55;3,89
6,20;3,89
10,57;3,89
1,66;3,89
8,49;3,89
3,23;3,88
5,54;3,88
4,75;3,88
4,74;3,87
4,11;3,87
6,23;3,87
3,20;3,87
1,00;3,87
10,81;3,86
1,47;3,86
4,51;3,86
3,27;3,85
5,41;3,85
4,64;3,85
7,32;3,85
10,95;3,84
1,53;3,84
9,72;3,84
2,46;3,84
10,72;3,84
1,39;3,84
3,48;3,84
2,63;3,83
1,24;3,83
7,02;3,83
3,95;3,83
5,10;3,83
6,81;3,82
6,05;3,82
7,49;3,82
10,83;3,81
9,31;3,81
5,44;3,81
2,77;3,81
1,23;3,81
3,93;3,80
2,03;3,80
4,67;3,80
8,97;3,80
4,66;3,79
5,96;3,79
3,81;3,79
5,65;3,79
6,90;3,78
9,57;3,78
2,23;3,78
7,18;3,77
9,83;3,77
6,78;3,77
4,55;3,76
6,06;3,76
3,60;3,76
7,44;3,75
1,56;3,75
7,35;3,75
2,40;3,74
10,28;3,74
1,42;3,74
2,17;3,74
8,08;3,74
7,61;3,74
6,52;3,73
9,82;3,73
4,34;3,73
5,04;3,73
10,57;3,73
9,39;3,71
5,63;3,71
3,95;3,70
8,53;3,70
3,10;3,69
4,90;3,69
4,32;3,69
1,82;3,69
10,33;3,69
2,55;3,69
6,11;3,68
1,90;3,68
10,68;3,68
1,77;3,68
2,46;3,67
1,45;3,67
8,21;3,67
5,98;3,66
9,27;3,66
3,56;3,65
3,35;3,65
7,81;3,65
10,53;3,65
5,60;3,65
4,54;3,65
5,21;3,64
6,24;3,64
5,20;3,63
4,26;3,63
6,12;3,62
2,57;3,62
3,31;3,62
4,05;3,62
7,77;3,62
8,67;3,62
3,83;3,62
2,16;3,62
5,83;3,61
2,78;3,61
7,22;3,61
8,85;3,60
10,59;3,60
6,18;3,60
9,59;3,60
8,51;3,60
2,05;3,60
5,51;3,59
1,05;3,58
8,39;3,58
8,86;3,58
8,28;3,57
1,95;3,57
1,76;3,57
6,42;3,57
9,54;3,57
9,48;3,57
2,93;3,57
8,23;3,57
3,18;3,57
8,53;3,56
5,70;3,56
4,98;3,56
5,11;3,56
8,02;3,56
9,16;3,56
7,25;3,54
9,91;3,54
3,14;3,53
9,05;3,52
9,19;3,52
7,06;3,51
8,76;3,51
8,84;3,51
3,20;3,50
10,62;3,50
1,36;3,49
4,15;3,49
4,92;3,49
9,74;3,49
1,41;3,49
6,69;3,48
2,11;3,48
4,89;3,48
9,23;3,48
3,28;3,48
3,92;3,48
8,01;3,47
8,03;3,47
6,20;3,47
2,14;3,47
2,64;3,47
1,47;3,47
10,49;3,47
2,05;3,46
8,73;3,46
5,49;3,46
9,43;3,45
1,99;3,45
3,45;3,45
3,04;3,45
8,60;3,44
3,97;3,44
7,19;3,44
8,22;3,43
7,90;3,43
2,51;3,43
2,74;3,43
1,08;3,43
6,27;3,42
9,19;3,42
6,35;3,42
2,79;3,42
7,71;3,42
9,60;3,41
8,40;3,41
10,20;3,40
2,27;3,40
3,01;3,40
2,67;3,40
9,29;3,39
2,29;3,38
9,63;3,38
9,06;3,38
5,59;3,38
6,66;3,37
1,80;3,37
2,95;3,37
3,82;3,37
4,15;3,36
1,55;3,36
2,49;3,36
4,61;3,36
1,39;3,35
7,10;3,35
2,06;3,35
1,62;3,35
6,96;3,34
5,68;3,34
5,97;3,34
6,14;3,34
3,37;3,34
5,04;3,34
3,23;3,33
9,09;3,32
9,11;3,32
3,85;3,32
7,72;3,32
6,36;3,32
1,13;3,31
10,97;3,31
10,98;3,31
7,88;3,31
8,22;3,31
4,68;3,31
6,78;3,30
8,23;3,30
7,98;3,30
6,95;3,30
7,87;3,29
6,02;3,29
9,43;3,28
1,00;3,28
5,49;3,28
5,20;3,27
2,90;3,27
6,59;3,27
9,72;3,27
1,87;3,26
3,65;3,26
5,58;3,26
8,91;3,26
9,32;3,26
4,84;3,25
2,67;3,25
4,71;3,24
9,77;3,24
3,73;3,24
7,36;3,24
4,62;3,24
9,94;3,23
8,68;3,23
4,52;3,23
10,18;3,23
7,63;3,23
10,07;3,22
4,79;3,21
4,63;3,21
2,43;3,20
3,20;3,20
7,84;3,20
2,16;3,20
3,65;3,20
8,02;3,20
7,51;3,20
8,12;3,20
5,24;3,20
10,65;3,19
5,82;3,19
6,58;3,19
2,68;3,19
8,18;3,19
5,32;3,19
10,40;3,18
9,56;3,18
2,79;3,17
9,65;3,16
3,53;3,16
9,60;3,16
1,25;3,16
10,18;3,16
8,84;3,15
4,44;3,15
4,56;3,15
3,70;3,15
3,75;3,15
7,93;3,14
10,44;3,14
2,06;3,14
2,60;3,13
9,42;3,13
4,52;3,13
4,18;3,12
3,27;3,12
3,48;3,12
10,95;3,12
10,11;3,12
9,43;3,12
4,47;3,12
8,99;3,12
7,81;3,11
9,71;3,11
1,64;3,11
8,72;3,10
9,36;3,10
1,45;3,10
9,56;3,10
6,51;3,10
3,56;3,09
10,70;3,09
6,73;3,09
7,18;3,09
2,48;3,09
3,61;3,09
4,64;3,09
6,56;3,08
8,51;3,08
5,49;3,08
8,41;3,08
7,27;3,07
8,51;3,07
4,73;3,07
8,98;3,07
1,24;3,06
4,03;3,06
4,76;3,05
7,60;3,05
9,29;3,04
3,62;3,04
6,92;3,04
7,43;3,04
5,14;3,04
8,08;3,04
3,90;3,04
1,83;3,03
6,58;3,03
9,03;3,02
4,50;3,02
5,05;3,02
9,13;3,02
2,07;3,02
4,44;3,02
10,40;3,02
8,33;3,01
3,74;3,01
8,84;3,01
2,24;3,01
4,81;3,01
2,30;3,00
6,54;3,00
1,02;2,99
2,17;2,99
10,39;2,99
9,50;2,97
7,33;2,97
10,61;2,97
7,09;2,97
7,28;2,97
4,73;2,96
8,69;2,96
2,95;2,96
1,41;2,96
3,31;2,96
7,84;2,96
5,65;2,96
3,76;2,95
4,29;2,95
8,00;2,95
5,72;2,95
7,70;2,94
3,26;2,94
10,64;2,94
7,92;2,94
10,05;2,93
7,55;2,93
5,41;2,93
7,29;2,93
5,95;2,93
4,26;2,92
4,70;2,92
10,27;2,92
8,52;2,91
6,03;2,91
10,38;2,91
9,76;2,91
6,77;2,91
4,19;2,91
7,18;2,91
9,06;2,91
2,11;2,91
5,61;2,90
1,77;2,90
6,85;2,90
9,69;2,90
8,47;2,89
2,25;2,89
9,65;2,89
8,95;2,89
4,63;2,89
6,24;2,88
8,00;2,88
8,77;2,87
4,64;2,87
3,54;2,87
5,45;2,87
10,16;2,87
7,25;2,86
4,10;2,86
1,86;2,86
9,24;2,85
9,22;2,85
4,35;2,85
1,90;2,84
5,61;2,84
10,67;2,84
9,87;2,84
7,61;2,83
8,15;2,83
8,75;2,82
2,31;2,82
2,00;2,82
2,28;2,81
7,37;2,81
8,71;2,80
6,78;2,80
10,68;2,80
2,86;2,80
2,54;2,79
5,77;2,79
10,75;2,79
10,75;2,79
10,59;2,79
5,84;2,78
1,56;2,78
5,97;2,78
6,99;2,78
5,56;2,78
2,02;2,78
9,55;2,77
4,46;2,77
8,63;2,77
7,01;2,77
7,55;2,76
9,84;2,76
4,28;2,76
4,86;2,76
2,48;2,75
7,49;2,75
2,00;2,75
4,94;2,75
4,85;2,75
1,39;2,74
7,28;2,74
4,78;2,74
9,52;2,74
6,75;2,74
9,57;2,73
2,69;2,73
5,64;2,73
10,44;2,73
3,81;2,72
9,55;2,72
9,61;2,71
6,45;2,71
2,35;2,71
10,38;2,71
4,88;2,70
4,42;2,70
6,56;2,70
9,14;2,70
8,23;2,69
9,76;2,69
6,41;2,69
5,72;2,68
6,30;2,68
4,11;2,67
9,83;2,67
10,08;2,67
2,17;2,67
4,51;2,66
10,78;2,66
9,20;2,66
3,12;2,66
2,91;2,66
3,92;2,65
6,08;2,65
4,57;2,65
2,30;2,65
5,04;2,64
5,22;2,64
10,35;2,64
2,79;2,64
5,25;2,64
5,16;2,64
2,74;2,63
10,40;2,63
8,72;2,63
7,00;2,63
2,14;2,63
5,52;2,63
3,21;2,62
2,35;2,62
4,72;2,62
5,25;2,62
9,12;2,61
4,29;2,61
4,74;2,61
1,84;2,61
3,12;2,61
10,15;2,61
6,42;2,61
2,45;2,61
5,33;2,61
7,28;2,60
5,13;2,60
6,38;2,60
8,29;2,60
7,83;2,60
9,50;2,60
3,11;2,60
10,71;2,60
10,45;2,60
9,46;2,60
4,08;2,59
1,31;2,59
8,32;2,59
4,86;2,59
6,82;2,59
4,39;2,59
4,99;2,59
6,20;2,58
7,67;2,58
10,40;2,57
4,88;2,57
6,31;2,57
8,74;2,57
6,18;2,56
10,62;2,56
5,20;2,56
3,80;2,56
10,88;2,55
7,63;2,55
4,83;2,55
4,26;2,55
4,32;2,55
9,30;2,54
7,49;2,54
7,50;2,54
10,42;2,54
1,11;2,54
5,68;2,54
1,49;2,54
8,80;2,54
1,71;2,53
5,27;2,53
3,86;2,53
2,90;2,53
3,57;2,53
7,92;2,53
10,91;2,53
7,97;2,53
9,49;2,52
8,76;2,52
6,45;2,52
10,14;2,51
1,06;2,51
1,98;2,51
2,91;2,51
3,20;2,51
7,33;2,51
3,74;2,50
8,56;2,50
8,13;2,50
10,97;2,49
8,64;2,49
10,91;2,49
8,21;2,49
8,50;2,49
6,55;2,49
6,83;2,49
5,27;2,48
1,25;2,48
8,98;2,48
6,29;2,48
1,18;2,47
6,85;2,47
8,10;2,47
7,87;2,47
8,73;2,46
4,35;2,46
2,60;2,46
5,48;2,46
4,67;2,45
9,53;2,45
2,01;2,45
6,37;2,44
5,42;2,44
7,37;2,44
10,33;2,44
5,14;2,44
7,16;2,44
2,24;2,43
3,84;2,43
10,97;2,43
3,38;2,43
9,76;2,42
8,65;2,42
5,95;2,42
9,15;2,42
1,13;2,42
8,14;2,41
1,07;2,41
6,17;2,41
6,27;2,41
7,01;2,40
2,08;2,40
9,69;2,40
6,95;2,40
5,00;2,39
9,94;2,39
10,25;2,38
5,14;2,37
1,42;2,37
6,20;2,37
7,38;2,37
7,49;2,37
2,82;2,37
5,16;2,36
2,65;2,36
10,17;2,35
4,13;2,35
6,42;2,35
10,25;2,35
8,10;2,35
3,35;2,34
2,23;2,34
1,87;2,34
9,08;2,34
10,28;2,33
6,14;2,33
1,98;2,32
9,16;2,32
5,28;2,32
1,36;2,32
1,57;2,31
3,75;2,31
1,78;2,31
2,47;2,31
3,02;2,31
2,94;2,30
9,69;2,30
6,75;2,30
1,76;2,30
9,66;2,30
4,12;2,30
7,36;2,30
2,22;2,29
1,76;2,29
5,76;2,29
6,39;2,28
7,90;2,28
9,34;2,28
5,66;2,28
2,34;2,28
4,82;2,28
3,78;2,27
8,01;2,27
1,66;2,27
8,65;2,27
9,23;2,27
2,26;2,26
5,58;2,26
1,20;2,25
10,13;2,25
3,65;2,25
10,80;2,25
5,28;2,25
5,77;2,25
10,01;2,24
3,11;2,24
10,56;2,24
5,93;2,24
2,97;2,24
1,50;2,23
3,90;2,23
8,81;2,23
9,19;2,23
1,96;2,23
5,51;2,23
6,11;2,23
4,63;2,22
9,65;2,22
2,97;2,21
4,57;2,21
3,47;2,20
3,77;2,20
2,30;2,20
2,93;2,20
7,73;2,20
10,88;2,19
3,60;2,19
1,25;2,17
7,26;2,17
8,54;2,17
7,99;2,17
1,83;2,17
7,56;2,17
7,18;2,17
3,26;2,16
6,90;2,16
6,67;2,16
5,51;2,16
8,86;2,16
10,84;2,16
4,01;2,15
1,13;2,15
1,88;2,14
5,07;2,14
3,68;2,14
7,21;2,14
5,85;2,14
7,69;2,14
4,50;2,14
6,97;2,14
1,71;2,13
8,39;2,13
1,44;2,13
10,88;2,13
3,04;2,12
6,76;2,12
2,87;2,11
4,28;2,11
1,37;2,11
2,76;2,11
4,70;2,11
3,84;2,10
9,02;2,10
7,97;2,10
1,26;2,09
9,92;2,09
5,77;2,09
9,91;2,09
11,00;2,08
10,14;2,08
10,99;2,08
1,84;2,08
7,58;2,08
7,68;2,08
8,07;2,08
5,50;2,07
8,74;2,07
5,74;2,07
4,09;2,07
2,25;2,07
10,99;2,06
10,28;2,06
1,62;2,06
10,10;2,06
7,61;2,06
10,68;2,05
7,98;2,05
6,49;2,05
5,98;2,05
9,86;2,04
2,79;2,04
5,65;2,03
4,79;2,03
1,53;2,03
9,99;2,03
2,73;2,03
3,05;2,02
9,75;2,02
7,73;2,02
3,62;2,02
6,55;2,02
4,30;2,02
8,30;2,01
2,02;2,01
10,93;2,01
6,57;2,01
7,68;2,01
4,77;2,00
8,34;2,00
5,36;2,00
8,18;1,99
4,17;1,99
3,19;1,99
9,47;1,98
6,94;1,98
1,29;1,98
2,42;1,98
7,32;1,98
4,07;1,98
7,15;1,98
3,32;1,97
10,06;1,96
4,28;1,95
2,10;1,95
7,75;1,95
8,74;1,95
4,86;1,95
9,21;1,93
9,21;1,93
5,66;1,92
3,86;1,92
1,04;1,92
8,38;1,92
2,03;1,91
9,03;1,91
9,74;1,91
10,85;1,90
2,77;1,90
3,40;1,90
6,20;1,90
4,18;1,90
1,58;1,90
5,60;1,90
8,20;1,90
6,15;1,89
6,87;1,89
2,63;1,89
5,71;1,89
4,84;1,89
9,63;1,89
5,49;1,88
5,24;1,88
8,91;1,88
10,11;1,88
3,86;1,87
2,54;1,87
6,50;1,87
5,54;1,87
2,72;1,87
4,09;1,86
6,92;1,86
7,86;1,86
8,74;1,85
4,70;1,85
2,14;1,85
5,58;1,85
10,18;1,85
1,35;1,84
8,92;1,84
1,42;1,84
7,13;1,84
7,25;1,84
3,12;1,83
1,57;1,83
8,10;1,83
10,03;1,83
9,87;1,83
5,02;1,82
2,01;1,82
7,80;1,82
10,08;1,82
5,78;1,81
9,66;1,81
7,91;1,80
1,24;1,80
8,63;1,80
9,90;1,80
10,29;1,79
1,34;1,79
5,03;1,79
2,41;1,78
5,10;1,78
2,43;1,77
8,95;1,77
6,07;1,77
2,75;1,76
5,21;1,76
3,07;1,76
3,42;1,76
8,19;1,76
9,31;1,76
5,25;1,76
9,73;1,75
3,73;1,75
7,94;1,74
3,84;1,74
9,15;1,74
6,81;1,74
2,41;1,74
1,12;1,74
6,73;1,74
9,14;1,73
10,81;1,73
8,69;1,73
5,53;1,73
2,41;1,72
7,44;1,72
10,38;1,72
6,49;1,72
3,18;1,71
3,37;1,71
10,20;1,71
10,74;1,71
1,35;1,71
10,87;1,71
8,10;1,70
3,92;1,70
1,43;1,70
4,05;1,69
6,00;1,69
2,61;1,69
8,09;1,69
1,44;1,69
4,30;1,68
5,23;1,68
2,63;1,68
3,45;1,67
3,79;1,67
7,03;1,66
6,66;1,66
1,17;1,66
2,60;1,66
2,07;1,65
4,94;1,65
5,73;1,65
6,62;1,65
9,37;1,65
8,44;1,65
6,75;1,65
7,20;1,64
7,19;1,64
4,39;1,64
6,61;1,64
10,62;1,64
5,43;1,64
9,19;1,64
2,62;1,63
8,75;1,63
8,44;1,63
2,85;1,63
10,15;1,63
10,24;1,63
8,67;1,63
9,43;1,62
10,74;1,62
5,61;1,62
6,50;1,62
7,91;1,62
5,39;1,62
8,10;1,62
2,92;1,61
8,96;1,61
4,09;1,61
9,93;1,61
9,89;1,61
9,72;1,60
6,44;1,60
2,82;1,59
7,93;1,59
4,68;1,59
4,32;1,58
10,64;1,58
4,36;1,58
9,33;1,58
2,06;1,57
10,40;1,57
6,77;1,57
10,40;1,57
8,16;1,56
8,86;1,56
8,44;1,56
1,59;1,56
8,90;1,55
3,13;1,55
7,34;1,55
10,00;1,55
6,59;1,55
4,85;1,55
3,12;1,54
2,48;1,54
8,39;1,53
7,11;1,53
6,92;1,53
4,65;1,53
2,88;1,53
5,57;1,53
5,55;1,53
8,45;1,53
1,10;1,52
8,77;1,52
4,85;1,52
9,74;1,51
6,08;1,51
7,57;1,51
8,11;1,50
10,22;1,50
3,66;1,50
6,41;1,49
4,24;1,49
7,73;1,49
2,30;1,49
2,23;1,49
10,64;1,49
1,72;1,48
5,04;1,48
1,64;1,48
7,38;1,48
4,28;1,48
8,70;1,48
2,21;1,48
6,12;1,47
3,62;1,47
8,53;1,47
1,20;1,47
8,65;1,46
4,15;1,46
8,09;1,46
9,12;1,46
4,77;1,46
2,29;1,46
4,71;1,46
10,78;1,45
10,37;1,45
5,26;1,45
4,58;1,44
3,69;1,44
6,53;1,44
3,16;1,44
9,93;1,44
10,16;1,44
2,94;1,44
10,73;1,44
7,39;1,44
8,57;1,44
7,69;1,43
4,17;1,43
1,32;1,43
7,67;1,43
6,62;1,43
4,83;1,43
7,58;1,42
10,53;1,42
6,97;1,42
1,52;1,42
7,97;1,41
7,22;1,41
6,14;1,40
1,64;1,40
9,38;1,39
5,61;1,39
3,90;1,39
7,63;1,39
8,75;1,39
2,95;1,39
7,92;1,38
1,60;1,38
10,77;1,37
2,37;1,37
7,58;1,37
4,58;1,37
10,76;1,37
4,80;1,36
7,06;1,36
1,89;1,36
2,30;1,36
1,49;1,36
8,28;1,35
6,34;1,35
3,15;1,35
8,88;1,35
9,60;1,35
3,42;1,34
9,13;1,34
6,03;1,34
10,66;1,34
3,89;1,33
2,91;1,33
4,84;1,32
4,83;1,32
8,11;1,32
6,22;1,32
3,56;1,32
5,25;1,31
5,01;1,31
1,80;1,30
7,26;1,30
10,38;1,30
6,58;1,29
10,98;1,29
8,18;1,28
8,01;1,28
3,75;1,27
8,61;1,26
7,32;1,26
8,65;1,26
2,09;1,26
4,60;1,26
6,59;1,26
4,03;1,25
7,27;1,25
4,57;1,25
10,56;1,25
3,56;1,25
5,13;1,25
9,82;1,25
5,87;1,25
9,35;1,25
9,23;1,25
2,47;1,24
8,22;1,24
9,15;1,24
2,36;1,24
8,11;1,24
1,13;1,24
4,38;1,23
9,97;1,23
1,93;1,23
5,51;1,23
10,28;1,23
9,43;1,23
10,60;1,22
3,94;1,21
7,19;1,20
4,54;1,20
10,62;1,20
9,25;1,20
6,68;1,19
6,46;1,19
9,91;1,18
2,16;1,18
1,46;1,18
9,37;1,18
1,34;1,17
4,70;1,17
10,08;1,17
8,72;1,17
5,46;1,16
2,85;1,16
5,03;1,16
3,89;1,16
3,26;1,16
10,95;1,14
5,70;1,14
4,93;1,14
7,26;1,14
4,86;1,13
8,49;1,13
6,57;1,13
6,00;1,13
1,74;1,13
10,88;1,13
8,69;1,13
4,94;1,12
5,49;1,12
2,43;1,12
1,19;1,12
2,96;1,12
7,87;1,12
10,55;1,11
8,45;1,11
5,52;1,11
1,29;1,11
3,78;1,10
9,27;1,10
10,01;1,10
9,02;1,10
10,32;1,09
6,04;1,09
5,38;1,09
3,60;1,09
6,50;1,09
4,12;1,08
10,27;1,08
10,70;1,07
5,25;1,07
6,28;1,07
4,97;1,07
10,58;1,07
9,88;1,06
10,48;1,06
7,67;1,05
4,40;1,04
6,69;1,04
6,06;1,03
2,91;1,03
7,55;1,03
9,95;1,03
9,46;1,02
6,23;1,02
9,65;1,01
9,66;1,01
1,46;1,00
3,57;1,00
6,70;1,00
6,54;1,00
1,45;1,00
